{
    "dofft":false,
    "dropout_rate":0.3,
    "excludethresh":4.0,
    "loss":[
        0.2721852133699882,
        0.24493416164174137,
        0.24109696083639962,
        0.2388639690402514,
        0.2372674896192378,
        0.23618217423331098,
        0.23523878101808285,
        0.23448069367813812,
        0.23374501162743105,
        0.2332177686000608,
        0.23262741040391247,
        0.232151881529352,
        0.2317529337030775,
        0.23133673888867737,
        0.23098951637223067,
        0.23063592289893287,
        0.23039718688820968,
        0.2301112325965622,
        0.2298832885056051,
        0.22966234731320426,
        0.22946880060988167,
        0.22926480569964341,
        0.22911610837177956,
        0.22892282205982684,
        0.22878936424118093,
        0.22862076088569572,
        0.228479682443829,
        0.22837307822658934,
        0.22824674974175277,
        0.22812447148196924,
        0.22802325650032249,
        0.22792219632014704,
        0.22781021418924974,
        0.22769714467364,
        0.22760747975849555,
        0.22751551466020203,
        0.2274217611703492,
        0.22735734108215508,
        0.22731224882110687,
        0.2272067919708839,
        0.22713878890173214,
        0.2270730941043236,
        0.22699131068603237,
        0.22691681017760343,
        0.22684994433917677,
        0.2267863699364514,
        0.2267149755104293,
        0.22667995273569766,
        0.22660414205635676,
        0.226493126523184,
        0.22645547769343458,
        0.22639142238935403,
        0.22632122954824835,
        0.22628238644280727,
        0.22622731187938735,
        0.22617097191088467,
        0.22612780471516114,
        0.22608791844755782,
        0.22603367716221703,
        0.22595904621771168,
        0.22593499381888327,
        0.22584722533523097,
        0.22586934676720005,
        0.22580363432552683,
        0.22577442539909887,
        0.22570216221321213,
        0.22569255910181488,
        0.22565555986859337,
        0.22560730258264533,
        0.22554737834203545,
        0.22554800555872093,
        0.22550531291714515,
        0.22546706943787934,
        0.22543772312003516,
        0.22541806260000197,
        0.22536404987276373,
        0.22534170650511273,
        0.22530046737424664,
        0.22526284531187576,
        0.22527813745126365,
        0.2252383685872615,
        0.22519942289373684,
        0.22516598729589724,
        0.22512199789163828,
        0.22506806531102297,
        0.22507667913779014,
        0.22505272152244188,
        0.2250252253268951,
        0.22499644375016223,
        0.22496330525786826,
        0.22495276231128483,
        0.22493703415945693,
        0.22490958047840315,
        0.22488893624112652,
        0.22487451614419884,
        0.22485816568390463,
        0.22481514131469402,
        0.2247995038523307,
        0.22479857259991362,
        0.22472969857445832
    ],
    "modelname":"model_cnn_w61_l10_fn10_fl5_e100_t4.0_relu_normaligned",
    "num_epochs":100,
    "num_layers":10,
    "prediction_error":0.4210786348787361,
    "raw_error":0.7674030149606774,
    "train_arch":"linux",
    "usebadpts":false,
    "val_loss":[
        0.43797922298333997,
        0.43179193829310186,
        0.4364802035364842,
        0.43920578633048796,
        0.4287384588028116,
        0.4326263827948649,
        0.42854986581593435,
        0.425631352772228,
        0.4224739850259336,
        0.43110539722679675,
        0.4213496318941545,
        0.4251593515564071,
        0.42468014552878797,
        0.4239526367228187,
        0.42525438096840373,
        0.422442792021642,
        0.42458942833411095,
        0.42265491292436336,
        0.42204065843442157,
        0.42731321081881474,
        0.4248487663023553,
        0.42024305590245853,
        0.4219528950014228,
        0.422610938834696,
        0.4232143254286298,
        0.4200336926864056,
        0.4192899139040612,
        0.424206932467311,
        0.4191618209191858,
        0.4186640635898588,
        0.421240285343398,
        0.4200822386599442,
        0.42064285961779774,
        0.421751863804333,
        0.4312470550430664,
        0.42800503547767044,
        0.4167159447285031,
        0.4258880873587641,
        0.4274762110315398,
        0.41945091170036736,
        0.4209264604265573,
        0.4193536471188152,
        0.43107837756341066,
        0.42269868998596904,
        0.41996033275322725,
        0.419570916396098,
        0.42383224235005845,
        0.4204992305272525,
        0.41881443492187587,
        0.42011830109611165,
        0.42201113289130565,
        0.4202536926293943,
        0.421216702383326,
        0.4263064468142069,
        0.4302834846310476,
        0.42239508812548443,
        0.4172686134840243,
        0.42271230037951835,
        0.4245461910002368,
        0.4198551615781352,
        0.4229108240080807,
        0.43080390270508645,
        0.42196154808129366,
        0.4229712316004289,
        0.42071866248706247,
        0.4224363869281767,
        0.4234028408594725,
        0.4199040544589644,
        0.41636596603970827,
        0.4197641541603443,
        0.4193253473060416,
        0.4198366760026367,
        0.42371671721900583,
        0.41915405199270317,
        0.4239523731773195,
        0.4239236255481312,
        0.42691954453789965,
        0.4249311382187667,
        0.4193368691148928,
        0.4182072723839678,
        0.424114059093214,
        0.4232098651362663,
        0.4212985719842702,
        0.4217873913258722,
        0.42131862917479557,
        0.42130898936834055,
        0.430769344228716,
        0.42232115460117736,
        0.42573407607791847,
        0.42165944445184106,
        0.4291779357113325,
        0.4193878140273299,
        0.42337995014177776,
        0.4180687565280883,
        0.41980169245102583,
        0.42624275232299286,
        0.42449217244199633,
        0.4213813892024946,
        0.41937912686152895,
        0.42107863537772466
    ],
    "window_size":61
}