{
    "dofft":false,
    "dropout_rate":0.3,
    "excludethresh":4.0,
    "loss":[
        0.6161308052341423,
        0.24140979786069391,
        0.17040083472948428,
        0.14521461494046306,
        0.13207842301022127
    ],
    "modelname":"model_cnn_w128_l5_fn10_fl5_d0.3_e5_t4.0_relu",
    "num_epochs":5,
    "num_layers":5,
    "prediction_error":0.2306358912901095,
    "raw_error":1.5237705316141792,
    "train_arch":"darwin",
    "usebadpts":false,
    "val_loss":[
        0.4288406802781827,
        0.2778797749908081,
        0.23646362106958127,
        0.2292016812709222,
        0.23063588920029665
    ],
    "window_size":128
}