{
    "dofft":false,
    "dropout_rate":0.3,
    "excludethresh":10.0,
    "filter_length":5,
    "lag":0,
    "loss":[
        0.655459419862862,
        0.609877128132761,
        0.6046867811598744,
        0.601946134812834,
        0.6003314538071894,
        0.599178017320919,
        0.5982855211116161,
        0.5976001204668601,
        0.5970726315739245,
        0.5966880380856983
    ],
    "modelname":"./model_w128_l16_fn10_fl5_d0.3_e10_t10.0_relu_cnn",
    "nettype":"cnn",
    "num_epochs":10,
    "num_filters":10,
    "num_layers":16,
    "prediction_error":0.46085945167194203,
    "raw_error":1.5302984430935365,
    "train_arch":"linux",
    "usebadpts":false,
    "val_loss":[
        0.4837822010468029,
        0.4701897805630191,
        0.47198139404903716,
        0.46503032076494943,
        0.4683380217929915,
        0.46298736097680826,
        0.4627675886602844,
        0.4622240026538833,
        0.459503381544476,
        0.46085945341486323
    ],
    "window_size":128
}