{
    "dofft":false,
    "dropout_rate":0.3,
    "excludethresh":4.0,
    "loss":[
        0.24404260516166687,
        0.17086537182331085,
        0.1626913994550705,
        0.15824666619300842,
        0.1552937924861908,
        0.15289536118507385,
        0.15105026960372925,
        0.14951278269290924,
        0.1482943296432495,
        0.14708851277828217,
        0.14622007310390472,
        0.14542174339294434,
        0.14468203485012054,
        0.14401927590370178,
        0.14356881380081177,
        0.1431567519903183,
        0.1426767110824585,
        0.14235283434391022,
        0.14201760292053223,
        0.1416827291250229,
        0.14137786626815796,
        0.1413171887397766,
        0.1410050392150879,
        0.14084799587726593,
        0.14060942828655243,
        0.14049473404884338,
        0.14031948149204254,
        0.14010609686374664,
        0.13996371626853943,
        0.13981428742408752,
        0.1398046314716339,
        0.13953782618045807,
        0.13946935534477234,
        0.13942097127437592,
        0.13929858803749084,
        0.1392415463924408,
        0.13916631042957306,
        0.13909123837947845,
        0.13897807896137238,
        0.13887859880924225,
        0.13896194100379944,
        0.13884522020816803,
        0.13871248066425323,
        0.13862736523151398,
        0.13862277567386627,
        0.13859069347381592,
        0.13844624161720276,
        0.1384449154138565,
        0.13835109770298004,
        0.13827572762966156,
        0.1383543759584427,
        0.1382092833518982,
        0.1382567584514618,
        0.13819508254528046,
        0.13807587325572968,
        0.1380884349346161,
        0.13805615901947021,
        0.1380653828382492,
        0.13794268667697906,
        0.13790026307106018,
        0.13785326480865479,
        0.13780032098293304,
        0.13788530230522156,
        0.1379043310880661,
        0.13773661851882935,
        0.13784055411815643,
        0.13778267800807953,
        0.13777196407318115,
        0.13764862716197968,
        0.1377096325159073,
        0.13772279024124146,
        0.13765718042850494,
        0.1376623660326004,
        0.13756607472896576,
        0.13752040266990662
    ],
    "modelname":"model_cnn_w064_l13_fn20_fl08_e100_t4.0_ct0.72_s20_d1_relu_normaligned",
    "num_epochs":100,
    "num_layers":13,
    "prediction_error":0.1203965516546574,
    "raw_error":0.3173622005504527,
    "train_arch":"linux",
    "usebadpts":false,
    "val_loss":[
        0.14685764908790588,
        0.1399032026529312,
        0.1351466327905655,
        0.13281379640102386,
        0.13339294493198395,
        0.13446921110153198,
        0.12706875801086426,
        0.12919315695762634,
        0.12760485708713531,
        0.12744316458702087,
        0.12421777099370956,
        0.1245395615696907,
        0.12591569125652313,
        0.12412194162607193,
        0.12446551024913788,
        0.12413788586854935,
        0.12483581155538559,
        0.12359398603439331,
        0.1228623241186142,
        0.12202053517103195,
        0.12229941040277481,
        0.12206815183162689,
        0.12430140376091003,
        0.12533128261566162,
        0.12202366441488266,
        0.12182188779115677,
        0.1225178986787796,
        0.12186575680971146,
        0.12262368947267532,
        0.1224021166563034,
        0.12279072403907776,
        0.12190253287553787,
        0.12132854014635086,
        0.1216944009065628,
        0.1224927008152008,
        0.12153491377830505,
        0.1227400153875351,
        0.12249016016721725,
        0.12205129861831665,
        0.12162687629461288,
        0.12101034075021744,
        0.12102416902780533,
        0.12136662006378174,
        0.12166453152894974,
        0.12160247564315796,
        0.12130823731422424,
        0.12100188434123993,
        0.12094895541667938,
        0.12116464227437973,
        0.12116051465272903,
        0.12174172699451447,
        0.12167128175497055,
        0.1208944171667099,
        0.12136266380548477,
        0.12133347243070602,
        0.1213330402970314,
        0.12072943150997162,
        0.12061811238527298,
        0.12106341123580933,
        0.1216120570898056,
        0.12063194066286087,
        0.12124799937009811,
        0.12051121890544891,
        0.12211091816425323,
        0.12039653211832047,
        0.12158545106649399,
        0.12119194865226746,
        0.12082452327013016,
        0.12100724875926971,
        0.12084666639566422,
        0.12118947505950928,
        0.12046029418706894,
        0.12182389199733734,
        0.12113787978887558,
        0.12074936181306839
    ],
    "window_size":64
}