{
    "dofft":false,
    "dropout_rate":0.3,
    "excludethresh":4.0,
    "loss":[
        0.24100782994675157,
        0.23117291773984094,
        0.22871520545356874,
        0.22725358228307255,
        0.22637368878587466,
        0.22579328970171098,
        0.22533944133166142,
        0.22499804272670787,
        0.22472863114434524,
        0.2245125137420881,
        0.22433477840790708,
        0.22416433580016165,
        0.22400430602168195,
        0.22388131900260694,
        0.22376718089175907,
        0.2236656965274542,
        0.22357611577972852,
        0.22350379656879196,
        0.2234175407678532,
        0.22334161811189834
    ],
    "modelname":"model_cnn_w61_l10_fn10_fl5_e20_t4.0_relu_normaligned",
    "num_epochs":20,
    "num_layers":10,
    "prediction_error":0.41812519036206347,
    "raw_error":0.7673802101384576,
    "train_arch":"linux",
    "usebadpts":false,
    "val_loss":[
        0.4212994507686177,
        0.42230522468787757,
        0.41793760017207837,
        0.4217133602272143,
        0.42450732751151554,
        0.42400771726036934,
        0.4211948394797656,
        0.41931957062910297,
        0.41841383451275166,
        0.4207174133746952,
        0.4165178663861657,
        0.41932226717294235,
        0.42004599360641803,
        0.4187659123341079,
        0.41946481994048607,
        0.4182075624336699,
        0.41686479957563893,
        0.41916969823936967,
        0.41607960623271356,
        0.41812518965091783
    ],
    "window_size":61
}