{
    "dofft":false,
    "dropout_rate":0.3,
    "excludethresh":20.0,
    "loss":[
        0.7106181243672451,
        0.6697123217332365,
        0.6646007922340484,
        0.6621144364658944,
        0.660608745951429
    ],
    "modelname":"model_cnn_w128_l16_fn10_fl5_d0.3_e5_t20.0_relu",
    "num_epochs":5,
    "num_layers":16,
    "prediction_error":0.3764726067933523,
    "raw_error":1.575462348736229,
    "train_arch":"linux",
    "usebadpts":false,
    "val_loss":[
        0.38864329349083604,
        0.3861466188113941,
        0.3787412572503619,
        0.37922001953303847,
        0.3764726083299704
    ],
    "window_size":128
}