{
    "dofft":false,
    "dropout_rate":0.3,
    "excludethresh":4.0,
    "loss":[
        0.584466439749899,
        0.2538840057375924,
        0.22065886552945477,
        0.2071716238050845,
        0.19936344867738282,
        0.19343975522855927,
        0.18881919477038614,
        0.1852707508738335,
        0.1815500105180219,
        0.17894427348941194
    ],
    "modelname":"model_cnn_w128_l16_fn10_fl5_d0.3_e10_t4.0_relu",
    "num_epochs":10,
    "num_layers":16,
    "prediction_error":0.16131584983741512,
    "raw_error":1.2507762699075748,
    "train_arch":"linux",
    "usebadpts":false,
    "val_loss":[
        0.2587501310177534,
        0.21001320075529195,
        0.204887505418136,
        0.17905287760549382,
        0.17570795118575222,
        0.18318187748165904,
        0.17574055444071462,
        0.17043014923441915,
        0.17595466607567137,
        0.161315851664304
    ],
    "window_size":128
}