{
    "dofft":false,
    "dropout_rate":0.3,
    "excludethresh":10.0,
    "loss":[
        0.6553441824985408,
        0.6097645453899453,
        0.604755908481262,
        0.6020529555736004,
        0.6003784343137005,
        0.5992893632334881,
        0.5983936094674054,
        0.5977519248640463,
        0.5972070913847074,
        0.5967584506356158
    ],
    "modelname":"model_cnn_w128_l16_fn10_fl5_d0.3_e10_t10.0_relu",
    "num_epochs":10,
    "num_layers":16,
    "prediction_error":0.45759170380541114,
    "raw_error":1.5302984430935365,
    "train_arch":"linux",
    "usebadpts":false,
    "val_loss":[
        0.4813411884085914,
        0.47188017773793645,
        0.4697144156514013,
        0.46431778679976576,
        0.46527432755090253,
        0.46266056950274537,
        0.46138645571283715,
        0.4627492092412299,
        0.4633234750822382,
        0.45759170572506574
    ],
    "window_size":128
}