{
    "dofft":false,
    "dropout_rate":0.3,
    "excludethresh":4.0,
    "loss":[
        0.3303686273762708,
        0.26654943032303363,
        0.2592794681822698,
        0.2548503728781166,
        0.2519778893625232,
        0.25051898892438756,
        0.24954845338992135,
        0.24890158303171586,
        0.2485816476996388,
        0.24812838740453508
    ],
    "modelname":"model_cnn_w128_l10_fn10_fl5_d0.3_e10_t4.0_relu",
    "num_epochs":10,
    "num_layers":10,
    "prediction_error":0.31917864606001806,
    "raw_error":1.1453434073020565,
    "train_arch":"linux",
    "usebadpts":false,
    "val_loss":[
        0.3212647721742894,
        0.3174332362696944,
        0.31856907871356277,
        0.3205479786453538,
        0.31792678696197124,
        0.3154317693343842,
        0.3163170151176529,
        0.3171248029788527,
        0.31999801264112,
        0.31917864647376853
    ],
    "window_size":128
}