{
    "dofft":false,
    "dropout_rate":0.3,
    "excludethresh":10.0,
    "filter_length":5,
    "lag":0,
    "loss":[
        0.41090989720465976,
        0.2021022880704706,
        0.18789994875313723,
        0.1811345735220849,
        0.17611971449748615
    ],
    "modelname":"./model_w64_l2_fn10_fl5_d0.3_e5_t10.0_relu_lstm",
    "nettype":"lstm",
    "num_epochs":5,
    "num_filters":10,
    "num_layers":2,
    "prediction_error":0.22464528959314312,
    "raw_error":1.2513694697799895,
    "train_arch":"darwin",
    "usebadpts":false,
    "val_loss":[
        0.7196885925834754,
        0.79657815797297,
        0.823659700646046,
        0.8380543359797111,
        0.8442444312079364
    ],
    "window_size":64
}