{
    "dofft":false,
    "dropout_rate":0.3,
    "excludethresh":3.0,
    "loss":[
        0.25553645450354034,
        0.23475952979376422,
        0.23155239667879104,
        0.22972598814932088,
        0.22844862582088993,
        0.22742869392512594,
        0.22654427334621827,
        0.22578057692346348,
        0.22519097012607445,
        0.22469807997807742,
        0.22424599370112586,
        0.22392742155959638,
        0.22361829827742427,
        0.22336590494971423,
        0.2231196630852366,
        0.22288432124063928,
        0.222756655959374,
        0.22255042655259205,
        0.2223789632678389,
        0.22225394115927297,
        0.22210365361631498,
        0.2219517488318687,
        0.22183360840577473,
        0.2217012389337459,
        0.22157263894611448,
        0.2214708710255185,
        0.22137262911540057,
        0.22126194660885196,
        0.22118318366965722,
        0.22110781548602967,
        0.22102890758296487,
        0.2209719651455044,
        0.22088776965258766,
        0.2208433308869165,
        0.2207692985558579,
        0.2207304250932034,
        0.22065042347828595,
        0.22058443487234963,
        0.22053409522687184,
        0.22049424943370743,
        0.22043604677568995,
        0.22039364496052052,
        0.22031576229164115,
        0.220305140684834,
        0.22023602585645213,
        0.2202020515921398,
        0.22014863157315911,
        0.22010739213746702,
        0.220065893525115,
        0.22004163757285092,
        0.21999723766048743,
        0.2199457822681912,
        0.2199366699824115,
        0.21986710956127486,
        0.21985027473404783,
        0.2198289382012172,
        0.21979870164851842,
        0.21975431974669887,
        0.2197334792070295,
        0.2196833381759546,
        0.21967220754485095,
        0.2196252692728739,
        0.21962127401540352,
        0.21960248099636634,
        0.21956473485285377,
        0.2195445416495957,
        0.21952245489479597,
        0.21949645815011856,
        0.219456693329397,
        0.21942727123498015,
        0.2194310269093651,
        0.2194088097527129,
        0.21940382627455698,
        0.21936898021223922,
        0.21934830380680562,
        0.21933878606453838,
        0.21931804655445464,
        0.21928533126840824,
        0.2192685237626279,
        0.21924818112774075,
        0.21925417661677576,
        0.21922454142923148,
        0.21921695164516097,
        0.2191985729937797,
        0.21917007256234175,
        0.21915729449804028,
        0.21915186409119822,
        0.21913138005906016,
        0.21912615341807248,
        0.21910591096383086,
        0.21908344806715402,
        0.21907272362837865,
        0.21906446593411086,
        0.21903866031940833,
        0.21903021779032597,
        0.21901591357759484,
        0.2190145787598566,
        0.21899714485381164,
        0.21898457535459676,
        0.21897169879224065
    ],
    "modelname":"model_cnn_w61_l10_fn10_fl5_e100_t3.0_relu_normaligned",
    "num_epochs":100,
    "num_layers":10,
    "prediction_error":0.3984306540274705,
    "raw_error":0.7125758857772195,
    "train_arch":"linux",
    "usebadpts":false,
    "val_loss":[
        0.41238748498121913,
        0.407436475760753,
        0.4055008449405928,
        0.4020909713370786,
        0.4059939684189026,
        0.40163224250954216,
        0.4006281009985872,
        0.40191673138743633,
        0.4044785587200872,
        0.39909897463866073,
        0.40177898588044636,
        0.4029605740308475,
        0.4020805282240009,
        0.39975825808487064,
        0.4027386461079395,
        0.398460481433235,
        0.4001116944223885,
        0.40101254775079265,
        0.3992103058373299,
        0.3980883193316751,
        0.39827879676404615,
        0.3993567424412378,
        0.40003129472232885,
        0.397241615834436,
        0.3986526963911791,
        0.4003037472102746,
        0.3992730322797258,
        0.39908867335546844,
        0.3986280319979333,
        0.39741754519986344,
        0.39949511153991313,
        0.3966423078530957,
        0.4004364632620824,
        0.40296622399129234,
        0.3980292656682185,
        0.40043660113526236,
        0.4028873362557282,
        0.3987202945501602,
        0.39924252479962413,
        0.39712509126627604,
        0.39925818823127324,
        0.39800770970512367,
        0.39838986751028005,
        0.39846034174005646,
        0.3976750890201962,
        0.39902379512778674,
        0.3994543199458179,
        0.3996632313786556,
        0.40031419048385614,
        0.4001045086006013,
        0.39620854948625867,
        0.3993810414166528,
        0.3997367219863739,
        0.3985464905808587,
        0.39982582831639396,
        0.3972690426984272,
        0.39820603531652643,
        0.3994429126775661,
        0.4025440642402692,
        0.39695443390574037,
        0.3986359910869384,
        0.3995863722724137,
        0.3999472751985313,
        0.39666297928011757,
        0.39785849318714595,
        0.401455457904081,
        0.3986295436100983,
        0.400124787875058,
        0.39764479835391947,
        0.39895105838679823,
        0.3994395686964085,
        0.39789865120904416,
        0.39854187715727757,
        0.3974064256256785,
        0.3980396247993168,
        0.3983365009266399,
        0.39844323110064706,
        0.3968741778072499,
        0.3983270897472012,
        0.39805629566320744,
        0.39766446829020685,
        0.40009670483199045,
        0.39781279842160905,
        0.3994356157889868,
        0.4007797186666257,
        0.397458020594088,
        0.39781926301708104,
        0.396788595500053,
        0.39967289477836304,
        0.39880123367649284,
        0.39736865613197725,
        0.398162423072536,
        0.3998273255845548,
        0.3996719615553845,
        0.39820221770132613,
        0.40077600854659845,
        0.3979938810289377,
        0.4002509565681378,
        0.4002380102344046,
        0.39843065282855356
    ],
    "window_size":61
}