{
    "dofft":false,
    "dropout_rate":0.3,
    "excludethresh":4.0,
    "loss":[
        0.3354748504370758,
        0.18330419388730912,
        0.16841294800805062,
        0.16079698705284046,
        0.1563253037093841,
        0.15359823057536817,
        0.15213744454981945,
        0.15072147194872199,
        0.14941929518869243,
        0.14899506279078545,
        0.14773849495190525,
        0.14730271046718782,
        0.1468354315205743,
        0.14624506941775686,
        0.14580301233788126,
        0.14538024824202264,
        0.14488564165392281,
        0.14457131037648602,
        0.14441911535676813,
        0.1440542778352282,
        0.1438932257522013,
        0.14352457273969127,
        0.14295572971867532,
        0.1432170360717167,
        0.14263846077460193
    ],
    "modelname":"model_cnn_pytorch_w060_l19_fn50_fl05_e025_t4.0_ct0.72_s20_d1_relu_usebadpts_normaligned",
    "nettype":"cnn",
    "num_epochs":25,
    "num_layers":19,
    "prediction_error":1.343090417588959,
    "raw_error":0.32607608511802977,
    "train_arch":"darwin",
    "usebadpts":true,
    "val_loss":[
        0.20804735329644433,
        0.1443788656900669,
        0.1554550631292935,
        0.13854468423744729,
        0.14107167299451498,
        0.14595612010051465,
        0.13610625791138617,
        0.13483980241520652,
        0.1274686482445947,
        0.13833520052761866,
        0.14769030942999084,
        0.12343703051065577,
        0.1291574356370959,
        0.155755330262513,
        0.14116502065083075,
        0.134256707029096,
        0.12744153542765255,
        0.13533671462330324,
        0.13535880770148903,
        0.12166493925554998,
        0.12613113697232872,
        0.1304209920866736,
        0.13510029989069905,
        0.12253524332210936,
        0.13073917293343051
    ],
    "window_size":60
}