{
    "dofft":false,
    "dropout_rate":0.3,
    "excludethresh":10.0,
    "filter_length":5,
    "lag":0,
    "loss":[
        0.7312229036118163,
        0.5544375550862816,
        0.5482833082817535,
        0.5470419561144146,
        0.5467020502422791
    ],
    "modelname":"./model_w64_l2_fn10_fl5_d0.3_e5_t10.0_relu_cnn",
    "nettype":"cnn",
    "num_epochs":5,
    "num_filters":10,
    "num_layers":2,
    "prediction_error":0.27856446085611863,
    "raw_error":1.1977492494298954,
    "train_arch":"darwin",
    "usebadpts":false,
    "val_loss":[
        0.35847984459395976,
        0.3008742110356073,
        0.2810769280920234,
        0.28308641066421186,
        0.278564458921301
    ],
    "window_size":64
}