{
    "dofft":false,
    "dropout_rate":0.3,
    "excludethresh":10.0,
    "filter_length":5,
    "lag":0,
    "loss":[
        0.6515514105754575,
        0.6137511821773948,
        0.608287860942782,
        0.6055748946923076,
        0.6041149351967826
    ],
    "modelname":"./model_w64_l1_fn10_fl5_d0.3_e5_t10.0_relu_gru",
    "nettype":"gru",
    "num_epochs":5,
    "num_filters":10,
    "num_layers":1,
    "prediction_error":0.5063434702843077,
    "raw_error":1.5327043115006274,
    "train_arch":"linux",
    "usebadpts":false,
    "val_loss":[
        0.519371467539229,
        0.5111200710847089,
        0.5092940619154627,
        0.5061308700414204,
        0.5063434706655526
    ],
    "window_size":64
}