{
    "dofft":true,
    "dropout_rate":0.3,
    "excludethresh":4.0,
    "loss":[
        0.4896562261526118,
        0.1492486508799992,
        0.1412066742265757,
        0.1365582779869181,
        0.13339722740281487,
        0.1304257624107333,
        0.12790152198823868,
        0.12604954989812628,
        0.1248005773756922,
        0.12361859489245103,
        0.12267811995806154,
        0.1217893671846062,
        0.12116659359680008,
        0.12060280738212809,
        0.12004053958810072,
        0.11961401941389152,
        0.11915910062204112,
        0.11891956750265102,
        0.11859416112918214,
        0.11832750739715353,
        0.11806608814605322,
        0.11791900394298777,
        0.11764419138994824,
        0.11765773494526283,
        0.11732968917161328,
        0.11719236155504623,
        0.11703641720346569,
        0.11689074919959114,
        0.11672475188970566,
        0.1166599293165805,
        0.1165680265329343,
        0.11641596851684793,
        0.11640965711978293,
        0.11626365171470184,
        0.11611937138786431,
        0.11613683933808222,
        0.11602248227114939,
        0.11597539188781965,
        0.11588861311936297,
        0.11581344880752548,
        0.11575850479535221,
        0.11571506748801653,
        0.11569947192503005,
        0.11560654327836643,
        0.11553349479059993,
        0.1155325481572102,
        0.11547381131304908,
        0.11545200224748182,
        0.11537515137767054,
        0.11533598564693198,
        0.11530735539560466,
        0.11535675799365305,
        0.1152247588991914,
        0.11519910438671145,
        0.1151503901608621
    ],
    "modelname":"model_cnn_pytorch_w064_l35_fn60_fl05_e075_t4.0_ctrp0.72_ctpp0.9_s19_d1_relu_dofft_normaligned",
    "nettype":"cnn",
    "num_epochs":75,
    "num_layers":35,
    "prediction_error":0.10174320227417619,
    "raw_error":2.0149830144767074,
    "train_arch":"linux",
    "usebadpts":false,
    "val_loss":[
        0.12780767189313288,
        0.12055002540758211,
        0.11682445999898322,
        0.1136845393131857,
        0.11287766480690813,
        0.11047498274543514,
        0.10872926103742156,
        0.10771293376814829,
        0.10693748984230708,
        0.1073123601405588,
        0.10745430742836978,
        0.10659093113794718,
        0.10508412464636646,
        0.10468794589173304,
        0.10504831184875475,
        0.10402027497144595,
        0.10470544000806874,
        0.10397682578800475,
        0.10457544314534697,
        0.1038201699314052,
        0.10383687255113092,
        0.10365492804613832,
        0.10422087450550027,
        0.10329337923289979,
        0.10293997717026161,
        0.10354620187658153,
        0.10438663813553445,
        0.10358222466829704,
        0.10311343429023273,
        0.10289215061762562,
        0.10318916005222764,
        0.10199886024610637,
        0.10228789158879895,
        0.10233232327928282,
        0.10268611690565331,
        0.10253518860634059,
        0.10256156187555561,
        0.10234095426659061,
        0.10199283532900354,
        0.10295423436654758,
        0.10286853120547451,
        0.10235369026865045,
        0.10217193121167079,
        0.10184016930934502,
        0.10174291142045636,
        0.10226112920535754,
        0.10220650660052691,
        0.10226250786895622,
        0.10213094398583451,
        0.10196494550941741,
        0.10181039454389924,
        0.10252098836106797,
        0.10261460077272702,
        0.10197797973882662,
        0.10192115365030015
    ],
    "window_size":64
}