{
    "dofft":false,
    "dropout_rate":0.3,
    "excludethresh":4.0,
    "loss":[
        0.13591967523097992,
        0.13395541906356812,
        0.13225001096725464,
        0.13124722242355347,
        0.13030746579170227,
        0.1293841451406479,
        0.1287480741739273,
        0.12797772884368896,
        0.1277075856924057,
        0.1271011233329773,
        0.12673358619213104,
        0.12631678581237793,
        0.12584488093852997,
        0.1254853904247284,
        0.12514515221118927,
        0.12525944411754608,
        0.12457402795553207,
        0.12438445538282394,
        0.1240241602063179,
        0.12393754720687866,
        0.1238420307636261,
        0.12360210716724396,
        0.12325584888458252,
        0.12315253168344498,
        0.12298718094825745,
        0.1227763295173645,
        0.12268810719251633,
        0.12240749597549438,
        0.12240947037935257,
        0.12222065776586533,
        0.12205370515584946,
        0.12186358124017715,
        0.12164516001939774,
        0.12163342535495758,
        0.1215992420911789,
        0.12145564705133438,
        0.12136588245630264,
        0.12130540609359741,
        0.12113228440284729,
        0.12111165374517441
    ],
    "modelname":"model_convautoencoder_w128_en16_fn32_fl5_e40_t4.0_ct0.72_s20_relu_normaligned",
    "num_epochs":40,
    "num_layers":4,
    "prediction_error":0.4152777485022516,
    "raw_error":0.3187236585604317,
    "train_arch":"darwin",
    "usebadpts":false,
    "val_loss":[
        0.14075109362602234,
        0.13669224083423615,
        0.13934805989265442,
        0.13843631744384766,
        0.13833646476268768,
        0.13680309057235718,
        0.1350589245557785,
        0.13670437037944794,
        0.1360505074262619,
        0.13421303033828735,
        0.13370580971240997,
        0.13423575460910797,
        0.13518330454826355,
        0.13647812604904175,
        0.13529546558856964,
        0.13378341495990753,
        0.13472725450992584,
        0.13291671872138977,
        0.1339617520570755,
        0.13344614207744598,
        0.13359884917736053,
        0.1335616558790207,
        0.1327446699142456,
        0.1325206309556961,
        0.13352327048778534,
        0.1341594010591507,
        0.13553792238235474,
        0.13293308019638062,
        0.13374687731266022,
        0.13167762756347656,
        0.13434037566184998,
        0.1324877142906189,
        0.13172663748264313,
        0.13484230637550354,
        0.13328221440315247,
        0.13303929567337036,
        0.13424581289291382,
        0.13217946887016296,
        0.13333316147327423,
        0.13171274960041046
    ],
    "window_size":128
}