{
    "dofft":false,
    "dropout_rate":0.3,
    "excludethresh":4.0,
    "loss":[
        0.22925521885564165,
        0.15040961737897177,
        0.14268971570993907,
        0.14219110230713775,
        0.14273858040407764,
        0.14329195272751802,
        0.13928091243626795,
        0.14068480696367971,
        0.1385358095096423,
        0.13970852336783296,
        0.13810691918035894,
        0.1404137746416745,
        0.13854313506940602,
        0.14182642129483128,
        0.14299408271500136,
        0.14058016741842413,
        0.13913112028407149,
        0.13878587036780074,
        0.13706604688724028,
        0.1376387963456253,
        0.13737647986353932,
        0.13863239970369212,
        0.1410437045638188,
        0.14107140852847816,
        0.1429191263872701,
        0.140100968294504,
        0.13919491044346113,
        0.14390571855830392,
        0.14651084108769638,
        0.1433918024983659,
        0.1403088819128867
    ],
    "modelname":"model_cnn_pytorch_w064_l49_fn50_fl03_e060_t4.0_ctrp0.72_ctpp0.9_s20_d1_relu_normaligned",
    "nettype":"cnn",
    "num_epochs":60,
    "num_layers":49,
    "prediction_error":1.0830276246862416,
    "raw_error":0.33336388789068977,
    "train_arch":"darwin",
    "usebadpts":false,
    "val_loss":[
        0.1377475274015227,
        0.12717686890830668,
        0.1327820896304727,
        0.12687221628108453,
        0.12607483420783877,
        0.12648945965253525,
        0.12313199396768626,
        0.12226768233190198,
        0.12210728692167287,
        0.12372999661885328,
        0.12175265275431375,
        0.12386484445954181,
        0.12322459757835616,
        0.12405382936090739,
        0.1248115716080596,
        0.12438175868959032,
        0.12480991328284688,
        0.12192986952707426,
        0.12283100156960987,
        0.12229406947854661,
        0.12122222204713055,
        0.12669712770956856,
        0.12392318618558619,
        0.1278157098413674,
        0.12489235555240998,
        0.1233060919201577,
        0.1265343064193018,
        0.1279798898564928,
        0.12721927373368663,
        0.12591350296117965,
        0.12265568407855185
    ],
    "window_size":64
}