{
    "dofft":false,
    "dropout_rate":0.3,
    "excludethresh":4.0,
    "loss":[
        0.5915228991304103,
        0.2361572299621412,
        0.21196414486608278,
        0.2006369516279159,
        0.1937675419935069,
        0.18874899499133507,
        0.18483751348577834,
        0.18150674984094922,
        0.17871084659380929,
        0.17639966691115716,
        0.17447470005936166,
        0.17278640401893938,
        0.1712217829482829,
        0.1700837619321284,
        0.16867121991982675,
        0.16765865810125566,
        0.16672273373000396,
        0.1657516090749592,
        0.16494693760867404,
        0.16421021695300303
    ],
    "modelname":"model_cnn_w128_l16_fn10_fl5_d0.3_e20_t4.0_relu",
    "num_epochs":20,
    "num_layers":16,
    "prediction_error":0.1511289857774857,
    "raw_error":1.2507762699075748,
    "train_arch":"linux",
    "usebadpts":false,
    "val_loss":[
        0.23789026940005306,
        0.19859005344304484,
        0.19689309384975665,
        0.17578519948026525,
        0.17597526149575266,
        0.18545569407306595,
        0.17242383253068091,
        0.17388473183285608,
        0.17587981897916677,
        0.1643666123296751,
        0.1515922589378472,
        0.15007146360675774,
        0.15630188352204924,
        0.1557444372047845,
        0.14434680582970366,
        0.15191478478723588,
        0.14701453830928307,
        0.15529396036420004,
        0.14372459115877062,
        0.15112898779586087
    ],
    "window_size":128
}