{
    "dofft":false,
    "dropout_rate":0.3,
    "excludethresh":4.0,
    "hidden_size":64,
    "loss":[
        0.11873820732163652,
        0.10191549460553886,
        0.09987106636918702,
        0.09863146078211156,
        0.09775818943193085,
        0.09709498655883478,
        0.09651965027750567,
        0.09605659937085881,
        0.09565377050755197,
        0.09530148248576316,
        0.09501357870763032,
        0.09472969624216285,
        0.09448740225224221,
        0.09427191204744181,
        0.09408709714936479
    ],
    "modelname":"model_ppgattention_pytorch_w128_hs064_normaligned",
    "nettype":"ppgattention",
    "num_epochs":50,
    "num_layers":4,
    "prediction_error":0.09435158982904317,
    "raw_error":0.3154415056146118,
    "train_arch":"linux",
    "usebadpts":false,
    "val_loss":[
        0.09833944281242017,
        0.09580632294046468,
        0.09551194463695946,
        0.09633851737297815,
        0.09435499448586127,
        0.09595847125325738,
        0.09496146261306672,
        0.09486798215015181,
        0.09657652872004385,
        0.0982147751440262,
        0.09665006309876155,
        0.0968021296478551,
        0.0967866257475368,
        0.09774431130238648,
        0.09608303396480865
    ],
    "window_size":128
}
