{
    "dofft":false,
    "dropout_rate":0.3,
    "excludethresh":4.0,
    "loss":[
        0.2343839406967163,
        0.14663517475128174,
        0.14066287875175476,
        0.13653245568275452,
        0.13332565128803253,
        0.1313231885433197,
        0.1299203634262085,
        0.128793403506279,
        0.12784290313720703,
        0.126864954829216,
        0.12607154250144958,
        0.1255313754081726,
        0.1250021755695343,
        0.12449631839990616,
        0.12405797094106674,
        0.12362505495548248,
        0.12331758439540863,
        0.12293308228254318,
        0.12265120446681976,
        0.12245690077543259,
        0.12220840901136398,
        0.12201966345310211,
        0.12186253070831299,
        0.12167811393737793,
        0.12150844186544418,
        0.12144363671541214,
        0.12125565856695175,
        0.12126703560352325,
        0.12112248688936234,
        0.12102504819631577,
        0.1209651306271553,
        0.12088782340288162,
        0.12080740928649902,
        0.12073571234941483,
        0.12063871324062347,
        0.12058006972074509,
        0.12049044668674469,
        0.1204197108745575,
        0.12037467211484909,
        0.12034308910369873
    ],
    "modelname":"model_crnn_w128_en10_fl5_e40_t4.0_ct0.72_s20_relu_normaligned",
    "num_epochs":40,
    "num_layers":4,
    "prediction_error":0.13127621255487706,
    "raw_error":0.3111796744389883,
    "train_arch":"linux",
    "usebadpts":false,
    "val_loss":[
        0.1500038206577301,
        0.14486487209796906,
        0.14326593279838562,
        0.14330130815505981,
        0.13979366421699524,
        0.14020298421382904,
        0.1397079974412918,
        0.1390710026025772,
        0.1363794207572937,
        0.13616934418678284,
        0.13313519954681396,
        0.13544365763664246,
        0.1326310783624649,
        0.13289210200309753,
        0.13145855069160461,
        0.13149595260620117,
        0.13095539808273315,
        0.13266532123088837,
        0.13211919367313385,
        0.13133841753005981,
        0.13172142207622528,
        0.13128401339054108,
        0.1311110109090805,
        0.13205578923225403,
        0.13094885647296906,
        0.13064083456993103,
        0.13020403683185577,
        0.1305541694164276,
        0.1313454806804657,
        0.1323614865541458,
        0.1298212707042694,
        0.12909848988056183,
        0.13254815340042114,
        0.13102585077285767,
        0.1320682317018509,
        0.13149428367614746,
        0.12977831065654755,
        0.13159295916557312,
        0.1320725977420807,
        0.13127563893795013
    ],
    "window_size":128
}