{
    "dofft":false,
    "dropout_rate":0.3,
    "excludethresh":4.0,
    "loss":[
        0.30441974932999954,
        0.18183457710591377,
        0.16851514196375392,
        0.16202728616720213,
        0.15842841755073914,
        0.1564911107478273,
        0.15509463905571252,
        0.15409289958448344,
        0.15318550205312645,
        0.15253183263581233,
        0.15208946124896972,
        0.15148001061784444,
        0.1511366076229774,
        0.15075672873619086,
        0.15030987919196231,
        0.15001051545245542,
        0.14959304444363847,
        0.1489250477134567,
        0.14856653524837954,
        0.1484835542405594,
        0.14787971300050565,
        0.14812416058430558,
        0.14733259612854405,
        0.14742844921770373,
        0.14675265647906208
    ],
    "modelname":"model_cnn_w060_l19_fn50_fl05_e025_t4.0_ct0.72_s20_d1_relu_normaligned",
    "nettype":"cnn",
    "num_epochs":25,
    "num_layers":19,
    "prediction_error":0.6981142062735153,
    "raw_error":0.3174055677061575,
    "train_arch":"darwin",
    "usebadpts":false,
    "val_loss":[
        0.15530714135745477,
        0.15717816753634092,
        0.1481180809695145,
        0.1516780706315205,
        0.13553270055302258,
        0.1337960820259719,
        0.13654720783233643,
        0.1334461883738123,
        0.12724334592449255,
        0.12903443785576985,
        0.12892387956380844,
        0.12977149404328445,
        0.13186248186333427,
        0.12963887345174263,
        0.12839905814877872,
        0.12711975148011898,
        0.13404886912682962,
        0.1291459808575696,
        0.12991093941803636,
        0.13404125077971096,
        0.14513506406340107,
        0.12982086087095326,
        0.12413997182558323,
        0.1283193161775326,
        0.13076527128959525
    ],
    "window_size":60
}