{
    "nettype":"cnn",
    "dofft":false,
    "dropout_rate":0.3,
    "excludethresh":4.0,
    "loss":[
        0.3801437282480325,
        0.18728122366048217,
        0.17207810976558535,
        0.16441826934564563,
        0.16030388773511775,
        0.15759983246576337,
        0.15572041956727037,
        0.1545673360171187,
        0.15323873220133208,
        0.1521690036218191
    ],
    "modelname":"model_cnn_w060_l19_fn50_fl05_e010_t4.0_ct0.72_s20_d1_relu_normaligned",
    "num_epochs":10,
    "num_layers":19,
    "prediction_error":0.5956581677909444,
    "raw_error":0.3174055677061575,
    "train_arch":"darwin",
    "usebadpts":false,
    "val_loss":[
        0.18067484559683963,
        0.1570453308779618,
        0.13713620356444656,
        0.15847983884400335,
        0.15065950638261336,
        0.13067157206864194,
        0.13883555305415185,
        0.13186639239048137,
        0.132791401343099,
        0.1315102660450442
    ],
    "window_size":60
}
