{
    "dofft":false,
    "dropout_rate":0.3,
    "excludethresh":10.0,
    "loss":[
        0.7157540601136333,
        0.6959345614689187,
        0.6945990433022543,
        0.6940158372291407,
        0.6935915636418264,
        0.6932542673403572,
        0.6928620915009928,
        0.6926951190510117,
        0.692547366791849,
        0.6924589073355593
    ],
    "modelname":"model_cnn_w128_l10_fn10_fl5_d0.3_e10_t10.0_relu",
    "num_epochs":10,
    "num_layers":10,
    "prediction_error":0.3758161825725854,
    "raw_error":1.4552206578216473,
    "train_arch":"linux",
    "usebadpts":false,
    "val_loss":[
        0.38057687264340584,
        0.3783540433616102,
        0.3764742303683521,
        0.37722445548741,
        0.3786716383208288,
        0.37644766944239005,
        0.37758310450060073,
        0.3772043376271158,
        0.3759214504004188,
        0.3758161824743512
    ],
    "window_size":128
}