{
    "dofft":false,
    "dropout_rate":0.3,
    "excludethresh":4.0,
    "loss":[
        0.16054571611099602,
        0.13546756337159005,
        0.13215572643505227,
        0.13050649818634566,
        0.12948713903380632,
        0.12871664774301647,
        0.128181485451263,
        0.1277200047796198,
        0.1273626328232011,
        0.1271003020438096,
        0.12689753241796162,
        0.12663772386668443,
        0.12643535217720878,
        0.12628400582300317,
        0.1261125276368032,
        0.12603859817251645,
        0.12595296820022941,
        0.12587096519418636,
        0.12575434292238127,
        0.1256634983927066,
        0.1255449541299028,
        0.12548707229908757,
        0.1253822510250453,
        0.12531118860864407,
        0.12525491605329483,
        0.125216001094223,
        0.12515760357063185,
        0.12512194123266673,
        0.12505986245484121,
        0.12503619477525127,
        0.12497749091974487,
        0.1249577054557533,
        0.12489709954556716,
        0.12485679918712846,
        0.12481991270197229,
        0.12476553159069535,
        0.12477480930246136,
        0.1247378216283413,
        0.1246675946576649,
        0.12467995697790206,
        0.12466000751033199,
        0.1246082399909922,
        0.12456629825738928,
        0.12459073984844521,
        0.12455508250931571,
        0.124506067396082,
        0.12449822512652219,
        0.12446901196753521,
        0.12449990551167331,
        0.12443538765167042,
        0.12441976367519222,
        0.12440848543032286,
        0.12439055654114155,
        0.12435277748460236,
        0.12430889060917168,
        0.12432925681890619,
        0.12434658295112293,
        0.1265990397030809,
        0.1251383163239228,
        0.12454580038894901
    ],
    "modelname":"model_cnn_pytorch_w064_l19_fn50_fl03_e060_t4.0_ctrp0.72_ctpp0.9_s20_d1_relu_usebadpts_normaligned",
    "nettype":"cnn",
    "num_epochs":60,
    "num_layers":19,
    "prediction_error":1.1423442247191324,
    "raw_error":0.6187115227982535,
    "train_arch":"darwin",
    "usebadpts":true,
    "val_loss":[
        0.12312150447473039,
        0.12013360638615568,
        0.11886797573444617,
        0.11757324126587587,
        0.11667520647138865,
        0.11696510642331882,
        0.11684189646203443,
        0.11560199656263175,
        0.11553569087291866,
        0.11535360939673844,
        0.11527672953849291,
        0.11537873192062634,
        0.11502408845363742,
        0.11472811703989395,
        0.11470630097853296,
        0.11434133457803958,
        0.11497286922885264,
        0.11462231696449637,
        0.11433358347256398,
        0.11444493928819967,
        0.11472061497596639,
        0.11413280776454875,
        0.11428350130426913,
        0.11415910079096356,
        0.11400606766016814,
        0.11424847541789358,
        0.11419284648268763,
        0.11400555115909182,
        0.11400417637288425,
        0.11380187170058852,
        0.11385239495775705,
        0.11382375739134142,
        0.11351290678745929,
        0.11371483351047312,
        0.11410785986704258,
        0.11394959615674913,
        0.11347735578923909,
        0.11358789135214765,
        0.11382087740657393,
        0.11378636305422099,
        0.11390937074402532,
        0.11361835675808055,
        0.11362365972241636,
        0.11363612271283374,
        0.11353648120396909,
        0.1133866085514535,
        0.1136611221661823,
        0.1133526935085763,
        0.11348296575012579,
        0.11335823829954268,
        0.11333816431444636,
        0.11322543960418144,
        0.11345730859722825,
        0.1132890198135028,
        0.11383766369155433,
        0.11355680825501463,
        0.11379524541524785,
        0.11439661578322849,
        0.11377235677845576,
        0.11343978080726308
    ],
    "window_size":64
}